,start,end,duration_mins,cluster,implicated_vars,z_scores
0,2017-06-05 13:50:00,2017-06-05 14:05:00,15.0,0,"Cyclone_Inlet_Gas_Temp, Cyclone_Gas_Outlet_Temp","Cyclone_Inlet_Gas_Temp: 3.95, Cyclone_Gas_Outlet_Temp: 3.95"
1,2017-11-16 19:15:00,2017-11-16 19:30:00,15.0,0,"Cyclone_Inlet_Draft, Cyclone_Outlet_Gas_draft","Cyclone_Inlet_Draft: 7.47, Cyclone_Outlet_Gas_draft: 5.37"
2,2018-02-22 12:20:00,2018-02-22 12:35:00,15.0,0,"Cyclone_cone_draft, Cyclone_Inlet_Draft","Cyclone_cone_draft: 2.88, Cyclone_Inlet_Draft: 2.50"
3,2018-03-02 17:10:00,2018-03-02 17:20:00,10.0,0,"Cyclone_Inlet_Draft, Cyclone_cone_draft","Cyclone_Inlet_Draft: 3.97, Cyclone_cone_draft: 3.51"
4,2018-03-12 16:55:00,2018-03-12 17:05:00,10.0,0,"Cyclone_Gas_Outlet_Temp, Cyclone_Inlet_Gas_Temp","Cyclone_Gas_Outlet_Temp: 6.33, Cyclone_Inlet_Gas_Temp: 3.12"
5,2018-03-16 06:00:00,2018-03-16 06:10:00,10.0,0,"Cyclone_Gas_Outlet_Temp, Cyclone_Inlet_Gas_Temp","Cyclone_Gas_Outlet_Temp: 8.96, Cyclone_Inlet_Gas_Temp: 2.64"
6,2018-03-16 18:05:00,2018-03-16 18:20:00,15.0,0,"Cyclone_Gas_Outlet_Temp, Cyclone_Inlet_Gas_Temp","Cyclone_Gas_Outlet_Temp: 9.09, Cyclone_Inlet_Gas_Temp: 4.04"
7,2018-04-17 03:05:00,2018-04-17 03:30:00,25.0,0,"Cyclone_Outlet_Gas_draft, Cyclone_Inlet_Draft","Cyclone_Outlet_Gas_draft: 5.13, Cyclone_Inlet_Draft: 4.53"
8,2018-04-21 07:50:00,2018-04-21 08:10:00,20.0,0,"Cyclone_Gas_Outlet_Temp, Cyclone_Inlet_Gas_Temp","Cyclone_Gas_Outlet_Temp: 5.53, Cyclone_Inlet_Gas_Temp: 3.45"
9,2018-04-22 22:40:00,2018-04-22 22:50:00,10.0,0,"Cyclone_Gas_Outlet_Temp, Cyclone_Inlet_Gas_Temp","Cyclone_Gas_Outlet_Temp: 4.61, Cyclone_Inlet_Gas_Temp: 2.05"
10,2018-04-24 04:05:00,2018-04-24 04:20:00,15.0,0,"Cyclone_Gas_Outlet_Temp, Cyclone_Material_Temp","Cyclone_Gas_Outlet_Temp: 5.22, Cyclone_Material_Temp: 2.66"
11,2018-04-24 19:25:00,2018-04-24 19:50:00,25.0,0,"Cyclone_Gas_Outlet_Temp, Cyclone_Inlet_Gas_Temp","Cyclone_Gas_Outlet_Temp: 6.09, Cyclone_Inlet_Gas_Temp: 3.59"
12,2018-05-18 14:00:00,2018-05-18 14:15:00,15.0,0,"Cyclone_Gas_Outlet_Temp, Cyclone_Inlet_Draft","Cyclone_Gas_Outlet_Temp: 9.03, Cyclone_Inlet_Draft: 2.36"
13,2018-05-30 11:50:00,2018-05-30 12:00:00,10.0,0,"Cyclone_Outlet_Gas_draft, Cyclone_Inlet_Draft","Cyclone_Outlet_Gas_draft: 3.68, Cyclone_Inlet_Draft: 3.45"
14,2018-05-30 13:15:00,2018-05-30 13:40:00,25.0,0,"Cyclone_Outlet_Gas_draft, Cyclone_Inlet_Draft","Cyclone_Outlet_Gas_draft: 3.45, Cyclone_Inlet_Draft: 3.18"
15,2018-05-30 14:20:00,2018-05-30 14:50:00,30.0,0,"Cyclone_Outlet_Gas_draft, Cyclone_Inlet_Draft","Cyclone_Outlet_Gas_draft: 4.70, Cyclone_Inlet_Draft: 4.49"
16,2018-05-31 07:55:00,2018-05-31 08:20:00,25.0,0,"Cyclone_Inlet_Gas_Temp, Cyclone_Outlet_Gas_draft","Cyclone_Inlet_Gas_Temp: 3.51, Cyclone_Outlet_Gas_draft: 3.12"
17,2018-05-31 09:40:00,2018-05-31 10:00:00,20.0,0,"Cyclone_Inlet_Gas_Temp, Cyclone_Material_Temp","Cyclone_Inlet_Gas_Temp: 6.78, Cyclone_Material_Temp: 4.42"
18,2018-05-31 15:10:00,2018-05-31 15:25:00,15.0,0,"Cyclone_Gas_Outlet_Temp, Cyclone_Outlet_Gas_draft","Cyclone_Gas_Outlet_Temp: 3.96, Cyclone_Outlet_Gas_draft: 2.54"
19,2018-06-02 06:40:00,2018-06-02 07:05:00,25.0,0,"Cyclone_Outlet_Gas_draft, Cyclone_Inlet_Draft","Cyclone_Outlet_Gas_draft: 3.74, Cyclone_Inlet_Draft: 3.49"
20,2018-06-02 09:50:00,2018-06-02 10:10:00,20.0,0,"Cyclone_Inlet_Draft, Cyclone_Outlet_Gas_draft","Cyclone_Inlet_Draft: 7.01, Cyclone_Outlet_Gas_draft: 6.36"
21,2018-06-12 03:45:00,2018-06-12 04:40:00,55.0,0,"Cyclone_Inlet_Gas_Temp, Cyclone_Material_Temp","Cyclone_Inlet_Gas_Temp: 3.81, Cyclone_Material_Temp: 2.83"
22,2018-06-12 05:10:00,2018-06-12 05:25:00,15.0,0,"Cyclone_Inlet_Gas_Temp, Cyclone_Material_Temp","Cyclone_Inlet_Gas_Temp: 3.41, Cyclone_Material_Temp: 2.61"
23,2018-06-15 13:30:00,2018-06-15 14:25:00,55.0,0,"Cyclone_Inlet_Draft, Cyclone_Outlet_Gas_draft","Cyclone_Inlet_Draft: 4.64, Cyclone_Outlet_Gas_draft: 4.55"
24,2018-06-18 11:00:00,2018-06-18 11:10:00,10.0,0,"Cyclone_Outlet_Gas_draft, Cyclone_cone_draft","Cyclone_Outlet_Gas_draft: 4.79, Cyclone_cone_draft: 3.34"
25,2018-06-24 04:35:00,2018-06-24 04:50:00,15.0,0,"Cyclone_Gas_Outlet_Temp, Cyclone_Material_Temp","Cyclone_Gas_Outlet_Temp: 3.14, Cyclone_Material_Temp: 2.94"
26,2018-06-24 21:10:00,2018-06-24 21:35:00,25.0,0,"Cyclone_Material_Temp, Cyclone_Outlet_Gas_draft","Cyclone_Material_Temp: 7.54, Cyclone_Outlet_Gas_draft: 3.44"
27,2018-08-05 03:55:00,2018-08-05 04:20:00,25.0,0,"Cyclone_Inlet_Gas_Temp, Cyclone_cone_draft","Cyclone_Inlet_Gas_Temp: 3.50, Cyclone_cone_draft: 2.34"
28,2018-08-05 05:50:00,2018-08-05 06:30:00,40.0,0,"Cyclone_Outlet_Gas_draft, Cyclone_Inlet_Draft","Cyclone_Outlet_Gas_draft: 3.48, Cyclone_Inlet_Draft: 3.35"
29,2018-08-14 11:30:00,2018-08-14 11:45:00,15.0,0,"Cyclone_Inlet_Gas_Temp, Cyclone_Inlet_Draft","Cyclone_Inlet_Gas_Temp: 4.96, Cyclone_Inlet_Draft: 4.47"
30,2018-08-16 06:20:00,2018-08-16 06:35:00,15.0,0,"Cyclone_Inlet_Gas_Temp, Cyclone_Gas_Outlet_Temp","Cyclone_Inlet_Gas_Temp: 3.05, Cyclone_Gas_Outlet_Temp: 2.70"
31,2018-08-23 15:30:00,2018-08-23 15:45:00,15.0,0,"Cyclone_Material_Temp, Cyclone_Inlet_Draft","Cyclone_Material_Temp: 9.67, Cyclone_Inlet_Draft: 2.98"
32,2018-08-28 10:50:00,2018-08-28 11:05:00,15.0,0,"Cyclone_Inlet_Gas_Temp, Cyclone_Material_Temp","Cyclone_Inlet_Gas_Temp: 3.99, Cyclone_Material_Temp: 2.99"
33,2019-03-22 21:30:00,2019-03-22 22:20:00,50.0,0,"Cyclone_Gas_Outlet_Temp, Cyclone_Inlet_Gas_Temp","Cyclone_Gas_Outlet_Temp: 4.28, Cyclone_Inlet_Gas_Temp: 2.74"
34,2019-03-26 16:15:00,2019-03-26 16:30:00,15.0,0,"Cyclone_Gas_Outlet_Temp, Cyclone_Inlet_Gas_Temp","Cyclone_Gas_Outlet_Temp: 4.60, Cyclone_Inlet_Gas_Temp: 2.61"
35,2019-03-26 21:45:00,2019-03-26 22:00:00,15.0,0,"Cyclone_Gas_Outlet_Temp, Cyclone_Inlet_Draft","Cyclone_Gas_Outlet_Temp: 4.99, Cyclone_Inlet_Draft: 3.75"
36,2019-03-27 19:00:00,2019-03-27 19:15:00,15.0,0,"Cyclone_Gas_Outlet_Temp, Cyclone_Material_Temp","Cyclone_Gas_Outlet_Temp: 4.77, Cyclone_Material_Temp: 2.06"
37,2019-03-27 22:05:00,2019-03-27 22:35:00,30.0,0,"Cyclone_Gas_Outlet_Temp, Cyclone_Inlet_Gas_Temp","Cyclone_Gas_Outlet_Temp: 4.99, Cyclone_Inlet_Gas_Temp: 2.62"
38,2019-03-27 23:05:00,2019-03-27 23:20:00,15.0,0,"Cyclone_Gas_Outlet_Temp, Cyclone_Inlet_Gas_Temp","Cyclone_Gas_Outlet_Temp: 5.24, Cyclone_Inlet_Gas_Temp: 3.46"
39,2019-03-28 00:15:00,2019-03-28 00:35:00,20.0,0,"Cyclone_Gas_Outlet_Temp, Cyclone_Inlet_Gas_Temp","Cyclone_Gas_Outlet_Temp: 5.38, Cyclone_Inlet_Gas_Temp: 2.44"
40,2019-03-28 01:35:00,2019-03-28 01:55:00,20.0,0,"Cyclone_Gas_Outlet_Temp, Cyclone_Material_Temp","Cyclone_Gas_Outlet_Temp: 5.25, Cyclone_Material_Temp: 2.58"
41,2019-03-28 04:40:00,2019-03-28 04:50:00,10.0,0,"Cyclone_Gas_Outlet_Temp, Cyclone_Material_Temp","Cyclone_Gas_Outlet_Temp: 4.95, Cyclone_Material_Temp: 3.14"
42,2019-03-28 05:15:00,2019-03-28 06:30:00,75.0,0,"Cyclone_Gas_Outlet_Temp, Cyclone_Material_Temp","Cyclone_Gas_Outlet_Temp: 5.45, Cyclone_Material_Temp: 3.59"
43,2019-03-28 07:30:00,2019-03-28 08:50:00,80.0,0,"Cyclone_Gas_Outlet_Temp, Cyclone_Material_Temp","Cyclone_Gas_Outlet_Temp: 5.80, Cyclone_Material_Temp: 3.42"
44,2019-03-28 17:10:00,2019-03-28 17:30:00,20.0,0,"Cyclone_Gas_Outlet_Temp, Cyclone_Material_Temp","Cyclone_Gas_Outlet_Temp: 5.07, Cyclone_Material_Temp: 2.68"
45,2019-03-31 15:50:00,2019-03-31 16:05:00,15.0,0,"Cyclone_Inlet_Draft, Cyclone_Outlet_Gas_draft","Cyclone_Inlet_Draft: 6.91, Cyclone_Outlet_Gas_draft: 5.79"
46,2019-06-27 00:15:00,2019-06-27 00:30:00,15.0,0,"Cyclone_Inlet_Draft, Cyclone_Inlet_Gas_Temp","Cyclone_Inlet_Draft: 3.35, Cyclone_Inlet_Gas_Temp: 2.86"
47,2019-07-31 01:10:00,2019-07-31 01:25:00,15.0,0,"Cyclone_Inlet_Gas_Temp, Cyclone_Inlet_Draft","Cyclone_Inlet_Gas_Temp: 4.07, Cyclone_Inlet_Draft: 3.63"
48,2019-08-31 04:40:00,2019-08-31 05:35:00,55.0,0,"Cyclone_Inlet_Draft, Cyclone_Outlet_Gas_draft","Cyclone_Inlet_Draft: 6.99, Cyclone_Outlet_Gas_draft: 6.01"
49,2019-09-01 13:15:00,2019-09-01 13:30:00,15.0,0,"Cyclone_Inlet_Draft, Cyclone_Outlet_Gas_draft","Cyclone_Inlet_Draft: 5.86, Cyclone_Outlet_Gas_draft: 4.70"
50,2019-11-03 20:20:00,2019-11-03 20:40:00,20.0,0,"Cyclone_Inlet_Draft, Cyclone_Outlet_Gas_draft","Cyclone_Inlet_Draft: 5.83, Cyclone_Outlet_Gas_draft: 4.67"
51,2019-11-04 18:35:00,2019-11-04 18:45:00,10.0,0,"Cyclone_Inlet_Draft, Cyclone_Outlet_Gas_draft","Cyclone_Inlet_Draft: 3.41, Cyclone_Outlet_Gas_draft: 2.43"
52,2019-11-04 19:05:00,2019-11-04 19:15:00,10.0,0,"Cyclone_Inlet_Draft, Cyclone_Outlet_Gas_draft","Cyclone_Inlet_Draft: 4.19, Cyclone_Outlet_Gas_draft: 2.97"
53,2019-11-11 15:30:00,2019-11-11 16:10:00,40.0,0,"Cyclone_Inlet_Draft, Cyclone_Outlet_Gas_draft","Cyclone_Inlet_Draft: 5.50, Cyclone_Outlet_Gas_draft: 4.43"
54,2019-11-14 22:05:00,2019-11-14 22:20:00,15.0,0,"Cyclone_Inlet_Draft, Cyclone_Outlet_Gas_draft","Cyclone_Inlet_Draft: 5.12, Cyclone_Outlet_Gas_draft: 4.25"
55,2020-01-27 10:20:00,2020-01-27 10:40:00,20.0,0,"Cyclone_Inlet_Draft, Cyclone_Outlet_Gas_draft","Cyclone_Inlet_Draft: 5.42, Cyclone_Outlet_Gas_draft: 4.54"
56,2020-02-16 00:25:00,2020-02-16 01:05:00,40.0,0,"Cyclone_Inlet_Draft, Cyclone_Outlet_Gas_draft","Cyclone_Inlet_Draft: 3.47, Cyclone_Outlet_Gas_draft: 3.35"
57,2020-02-17 17:35:00,2020-02-17 18:45:00,70.0,0,"Cyclone_Inlet_Draft, Cyclone_Outlet_Gas_draft","Cyclone_Inlet_Draft: 4.92, Cyclone_Outlet_Gas_draft: 4.53"
58,2020-02-17 20:50:00,2020-02-17 21:05:00,15.0,0,"Cyclone_Inlet_Draft, Cyclone_Outlet_Gas_draft","Cyclone_Inlet_Draft: 4.09, Cyclone_Outlet_Gas_draft: 3.40"
59,2020-02-18 01:00:00,2020-02-18 03:30:00,150.0,0,"Cyclone_Inlet_Draft, Cyclone_Outlet_Gas_draft","Cyclone_Inlet_Draft: 4.47, Cyclone_Outlet_Gas_draft: 3.99"
60,2020-02-18 03:55:00,2020-02-18 04:05:00,10.0,0,"Cyclone_Inlet_Draft, Cyclone_Outlet_Gas_draft","Cyclone_Inlet_Draft: 4.23, Cyclone_Outlet_Gas_draft: 3.74"
61,2020-02-18 04:30:00,2020-02-18 05:15:00,45.0,0,"Cyclone_Inlet_Draft, Cyclone_Outlet_Gas_draft","Cyclone_Inlet_Draft: 4.15, Cyclone_Outlet_Gas_draft: 3.64"
62,2020-02-18 06:45:00,2020-02-18 07:05:00,20.0,0,"Cyclone_Inlet_Draft, Cyclone_Outlet_Gas_draft","Cyclone_Inlet_Draft: 3.72, Cyclone_Outlet_Gas_draft: 3.41"
63,2020-02-18 16:05:00,2020-02-18 16:45:00,40.0,0,"Cyclone_Inlet_Draft, Cyclone_Outlet_Gas_draft","Cyclone_Inlet_Draft: 4.33, Cyclone_Outlet_Gas_draft: 3.65"
64,2020-02-18 17:10:00,2020-02-18 17:30:00,20.0,0,"Cyclone_Inlet_Draft, Cyclone_Outlet_Gas_draft","Cyclone_Inlet_Draft: 4.23, Cyclone_Outlet_Gas_draft: 3.53"
65,2020-02-18 20:20:00,2020-02-18 21:15:00,55.0,0,"Cyclone_Inlet_Draft, Cyclone_Outlet_Gas_draft","Cyclone_Inlet_Draft: 4.78, Cyclone_Outlet_Gas_draft: 4.26"
66,2020-02-18 21:45:00,2020-02-18 22:30:00,45.0,0,"Cyclone_Inlet_Draft, Cyclone_Outlet_Gas_draft","Cyclone_Inlet_Draft: 4.71, Cyclone_Outlet_Gas_draft: 4.08"
67,2020-02-18 23:55:00,2020-02-19 00:35:00,40.0,0,"Cyclone_Inlet_Draft, Cyclone_Outlet_Gas_draft","Cyclone_Inlet_Draft: 5.26, Cyclone_Outlet_Gas_draft: 4.58"
68,2020-07-21 16:50:00,2020-07-21 17:55:00,65.0,0,"Cyclone_Outlet_Gas_draft, Cyclone_Material_Temp","Cyclone_Outlet_Gas_draft: 2.98, Cyclone_Material_Temp: 2.86"
69,2018-03-11 13:00:00,2018-03-11 13:15:00,15.0,1,"Cyclone_Material_Temp, Cyclone_Inlet_Gas_Temp","Cyclone_Material_Temp: 6.71, Cyclone_Inlet_Gas_Temp: 3.66"
70,2018-03-17 09:55:00,2018-03-17 10:05:00,10.0,1,"Cyclone_Inlet_Gas_Temp, Cyclone_Gas_Outlet_Temp","Cyclone_Inlet_Gas_Temp: 4.55, Cyclone_Gas_Outlet_Temp: 3.99"
71,2018-03-17 14:20:00,2018-03-17 14:35:00,15.0,1,"Cyclone_Gas_Outlet_Temp, Cyclone_Inlet_Gas_Temp","Cyclone_Gas_Outlet_Temp: 4.35, Cyclone_Inlet_Gas_Temp: 4.27"
72,2018-03-19 05:20:00,2018-03-19 05:35:00,15.0,1,"Cyclone_Gas_Outlet_Temp, Cyclone_Inlet_Gas_Temp","Cyclone_Gas_Outlet_Temp: 6.21, Cyclone_Inlet_Gas_Temp: 4.83"
73,2018-03-19 06:00:00,2018-03-19 07:10:00,70.0,1,"Cyclone_Gas_Outlet_Temp, Cyclone_Inlet_Gas_Temp","Cyclone_Gas_Outlet_Temp: 6.16, Cyclone_Inlet_Gas_Temp: 3.96"
74,2018-03-19 07:30:00,2018-03-19 07:50:00,20.0,1,"Cyclone_Gas_Outlet_Temp, Cyclone_Inlet_Gas_Temp","Cyclone_Gas_Outlet_Temp: 6.21, Cyclone_Inlet_Gas_Temp: 3.74"
75,2018-03-19 10:20:00,2018-03-19 13:35:00,195.0,1,"Cyclone_Gas_Outlet_Temp, Cyclone_Inlet_Gas_Temp","Cyclone_Gas_Outlet_Temp: 5.91, Cyclone_Inlet_Gas_Temp: 4.18"
76,2018-03-19 14:30:00,2018-03-19 14:40:00,10.0,1,"Cyclone_Inlet_Gas_Temp, Cyclone_cone_draft","Cyclone_Inlet_Gas_Temp: 3.88, Cyclone_cone_draft: 3.01"
77,2018-04-28 07:40:00,2018-04-28 07:50:00,10.0,1,"Cyclone_Inlet_Gas_Temp, Cyclone_Gas_Outlet_Temp","Cyclone_Inlet_Gas_Temp: 4.67, Cyclone_Gas_Outlet_Temp: 4.46"
78,2018-04-28 15:15:00,2018-04-28 15:40:00,25.0,1,"Cyclone_Gas_Outlet_Temp, Cyclone_Inlet_Gas_Temp","Cyclone_Gas_Outlet_Temp: 4.09, Cyclone_Inlet_Gas_Temp: 3.24"
79,2018-04-28 16:10:00,2018-04-28 16:35:00,25.0,1,"Cyclone_Inlet_Gas_Temp, Cyclone_Gas_Outlet_Temp","Cyclone_Inlet_Gas_Temp: 5.11, Cyclone_Gas_Outlet_Temp: 4.37"
80,2018-04-28 18:05:00,2018-04-28 19:50:00,105.0,1,"Cyclone_Gas_Outlet_Temp, Cyclone_Inlet_Gas_Temp","Cyclone_Gas_Outlet_Temp: 4.41, Cyclone_Inlet_Gas_Temp: 2.82"
81,2018-04-28 20:15:00,2018-04-28 21:30:00,75.0,1,"Cyclone_Gas_Outlet_Temp, Cyclone_Inlet_Gas_Temp","Cyclone_Gas_Outlet_Temp: 4.40, Cyclone_Inlet_Gas_Temp: 2.70"
82,2018-04-28 21:50:00,2018-04-28 22:05:00,15.0,1,"Cyclone_Gas_Outlet_Temp, Cyclone_Inlet_Draft","Cyclone_Gas_Outlet_Temp: 4.35, Cyclone_Inlet_Draft: 2.48"
83,2018-04-28 22:25:00,2018-04-28 22:50:00,25.0,1,"Cyclone_Gas_Outlet_Temp, Cyclone_Inlet_Gas_Temp","Cyclone_Gas_Outlet_Temp: 4.38, Cyclone_Inlet_Gas_Temp: 3.45"
84,2018-04-28 23:10:00,2018-04-28 23:30:00,20.0,1,"Cyclone_Gas_Outlet_Temp, Cyclone_Inlet_Gas_Temp","Cyclone_Gas_Outlet_Temp: 4.39, Cyclone_Inlet_Gas_Temp: 2.73"
85,2018-04-29 00:55:00,2018-04-29 01:40:00,45.0,1,"Cyclone_Gas_Outlet_Temp, Cyclone_Inlet_Gas_Temp","Cyclone_Gas_Outlet_Temp: 4.34, Cyclone_Inlet_Gas_Temp: 3.22"
86,2018-05-04 15:45:00,2018-05-04 15:55:00,10.0,1,"Cyclone_Gas_Outlet_Temp, Cyclone_Inlet_Draft","Cyclone_Gas_Outlet_Temp: 6.21, Cyclone_Inlet_Draft: 2.25"
87,2018-05-06 16:10:00,2018-05-06 16:25:00,15.0,1,"Cyclone_Material_Temp, Cyclone_cone_draft","Cyclone_Material_Temp: 6.71, Cyclone_cone_draft: 3.36"
88,2018-05-12 10:15:00,2018-05-12 10:40:00,25.0,1,"Cyclone_Material_Temp, Cyclone_Inlet_Draft","Cyclone_Material_Temp: 6.25, Cyclone_Inlet_Draft: 3.20"
89,2018-05-16 18:55:00,2018-05-16 19:15:00,20.0,1,"Cyclone_Gas_Outlet_Temp, Cyclone_Outlet_Gas_draft","Cyclone_Gas_Outlet_Temp: 5.43, Cyclone_Outlet_Gas_draft: 2.54"
90,2018-05-16 22:50:00,2018-05-16 23:10:00,20.0,1,"Cyclone_Gas_Outlet_Temp, Cyclone_Outlet_Gas_draft","Cyclone_Gas_Outlet_Temp: 5.63, Cyclone_Outlet_Gas_draft: 2.86"
91,2018-05-17 06:05:00,2018-05-17 06:20:00,15.0,1,"Cyclone_Gas_Outlet_Temp, Cyclone_Inlet_Draft","Cyclone_Gas_Outlet_Temp: 5.69, Cyclone_Inlet_Draft: 2.60"
92,2018-05-17 06:55:00,2018-05-17 07:05:00,10.0,1,"Cyclone_Gas_Outlet_Temp, Cyclone_Inlet_Draft","Cyclone_Gas_Outlet_Temp: 5.71, Cyclone_Inlet_Draft: 2.54"
93,2018-05-17 07:25:00,2018-05-17 07:45:00,20.0,1,"Cyclone_Gas_Outlet_Temp, Cyclone_Inlet_Draft","Cyclone_Gas_Outlet_Temp: 5.42, Cyclone_Inlet_Draft: 1.97"
94,2018-05-17 10:10:00,2018-05-17 13:10:00,180.0,1,"Cyclone_Gas_Outlet_Temp, Cyclone_Inlet_Gas_Temp","Cyclone_Gas_Outlet_Temp: 4.76, Cyclone_Inlet_Gas_Temp: 3.36"
95,2018-05-17 13:30:00,2018-05-17 14:00:00,30.0,1,"Cyclone_Gas_Outlet_Temp, Cyclone_Inlet_Draft","Cyclone_Gas_Outlet_Temp: 4.46, Cyclone_Inlet_Draft: 2.75"
96,2018-05-17 14:20:00,2018-05-17 14:30:00,10.0,1,"Cyclone_Gas_Outlet_Temp, Cyclone_Inlet_Draft","Cyclone_Gas_Outlet_Temp: 4.56, Cyclone_Inlet_Draft: 2.81"
97,2018-05-17 14:50:00,2018-05-17 15:15:00,25.0,1,"Cyclone_Gas_Outlet_Temp, Cyclone_Inlet_Draft","Cyclone_Gas_Outlet_Temp: 4.49, Cyclone_Inlet_Draft: 2.60"
98,2018-05-17 16:35:00,2018-05-17 19:25:00,170.0,1,"Cyclone_Gas_Outlet_Temp, Cyclone_Inlet_Draft","Cyclone_Gas_Outlet_Temp: 4.69, Cyclone_Inlet_Draft: 2.77"
99,2018-05-17 20:40:00,2018-05-17 21:05:00,25.0,1,"Cyclone_Gas_Outlet_Temp, Cyclone_Inlet_Draft","Cyclone_Gas_Outlet_Temp: 4.72, Cyclone_Inlet_Draft: 2.80"
100,2018-05-18 05:55:00,2018-05-18 08:20:00,145.0,1,"Cyclone_Gas_Outlet_Temp, Cyclone_Inlet_Draft","Cyclone_Gas_Outlet_Temp: 4.86, Cyclone_Inlet_Draft: 2.85"
101,2018-05-18 13:25:00,2018-05-18 14:10:00,45.0,1,"Cyclone_Inlet_Draft, Cyclone_Gas_Outlet_Temp","Cyclone_Inlet_Draft: 3.69, Cyclone_Gas_Outlet_Temp: 3.48"
102,2018-05-20 07:35:00,2018-05-20 07:45:00,10.0,1,"Cyclone_Gas_Outlet_Temp, Cyclone_Inlet_Draft","Cyclone_Gas_Outlet_Temp: 5.50, Cyclone_Inlet_Draft: 2.59"
103,2018-05-20 08:05:00,2018-05-20 08:45:00,40.0,1,"Cyclone_Gas_Outlet_Temp, Cyclone_Inlet_Draft","Cyclone_Gas_Outlet_Temp: 5.17, Cyclone_Inlet_Draft: 2.64"
104,2018-05-20 10:55:00,2018-05-20 11:10:00,15.0,1,"Cyclone_Gas_Outlet_Temp, Cyclone_Inlet_Gas_Temp","Cyclone_Gas_Outlet_Temp: 4.92, Cyclone_Inlet_Gas_Temp: 3.67"
105,2018-05-20 12:30:00,2018-05-20 12:40:00,10.0,1,"Cyclone_Gas_Outlet_Temp, Cyclone_Inlet_Draft","Cyclone_Gas_Outlet_Temp: 6.21, Cyclone_Inlet_Draft: 2.87"
106,2018-05-20 13:45:00,2018-05-20 20:20:00,395.0,1,"Cyclone_Gas_Outlet_Temp, Cyclone_Inlet_Draft","Cyclone_Gas_Outlet_Temp: 6.12, Cyclone_Inlet_Draft: 2.72"
107,2018-05-21 02:30:00,2018-05-21 03:25:00,55.0,1,"Cyclone_Gas_Outlet_Temp, Cyclone_Inlet_Draft","Cyclone_Gas_Outlet_Temp: 4.23, Cyclone_Inlet_Draft: 2.98"
108,2018-05-21 04:35:00,2018-05-21 04:45:00,10.0,1,"Cyclone_Gas_Outlet_Temp, Cyclone_Inlet_Draft","Cyclone_Gas_Outlet_Temp: 3.99, Cyclone_Inlet_Draft: 2.58"
109,2018-05-31 13:40:00,2018-05-31 14:00:00,20.0,1,"Cyclone_Gas_Outlet_Temp, Cyclone_Outlet_Gas_draft","Cyclone_Gas_Outlet_Temp: 5.02, Cyclone_Outlet_Gas_draft: 3.05"
110,2018-06-21 19:50:00,2018-06-21 20:15:00,25.0,1,"Cyclone_Gas_Outlet_Temp, Cyclone_Inlet_Gas_Temp","Cyclone_Gas_Outlet_Temp: 5.53, Cyclone_Inlet_Gas_Temp: 4.07"
111,2018-06-21 20:40:00,2018-06-21 21:10:00,30.0,1,"Cyclone_Gas_Outlet_Temp, Cyclone_Inlet_Draft","Cyclone_Gas_Outlet_Temp: 5.67, Cyclone_Inlet_Draft: 3.75"
112,2018-06-22 14:05:00,2018-06-22 14:15:00,10.0,1,"Cyclone_Material_Temp, Cyclone_Outlet_Gas_draft","Cyclone_Material_Temp: 6.71, Cyclone_Outlet_Gas_draft: 3.21"
113,2018-06-22 14:40:00,2018-06-22 15:30:00,50.0,1,"Cyclone_Material_Temp, Cyclone_Outlet_Gas_draft","Cyclone_Material_Temp: 6.71, Cyclone_Outlet_Gas_draft: 3.45"
114,2018-06-24 21:40:00,2018-06-24 22:15:00,35.0,1,"Cyclone_Material_Temp, Cyclone_Outlet_Gas_draft","Cyclone_Material_Temp: 6.71, Cyclone_Outlet_Gas_draft: 3.17"
115,2018-06-24 22:35:00,2018-06-24 22:45:00,10.0,1,"Cyclone_Material_Temp, Cyclone_Outlet_Gas_draft","Cyclone_Material_Temp: 6.71, Cyclone_Outlet_Gas_draft: 2.65"
116,2018-06-24 23:05:00,2018-06-25 00:00:00,55.0,1,"Cyclone_Material_Temp, Cyclone_Outlet_Gas_draft","Cyclone_Material_Temp: 6.71, Cyclone_Outlet_Gas_draft: 2.77"
117,2018-07-03 20:35:00,2018-07-03 21:00:00,25.0,1,"Cyclone_Material_Temp, Cyclone_cone_draft","Cyclone_Material_Temp: 6.71, Cyclone_cone_draft: 2.79"
118,2018-08-16 04:00:00,2018-08-16 04:45:00,45.0,1,"Cyclone_Inlet_Draft, Cyclone_Outlet_Gas_draft","Cyclone_Inlet_Draft: 3.66, Cyclone_Outlet_Gas_draft: 3.30"
119,2018-08-21 05:45:00,2018-08-21 06:00:00,15.0,1,"Cyclone_Material_Temp, Cyclone_Inlet_Gas_Temp","Cyclone_Material_Temp: 6.71, Cyclone_Inlet_Gas_Temp: 2.36"
120,2018-08-21 06:20:00,2018-08-21 06:35:00,15.0,1,"Cyclone_Material_Temp, Cyclone_Inlet_Draft","Cyclone_Material_Temp: 6.71, Cyclone_Inlet_Draft: 2.63"
121,2018-08-21 06:55:00,2018-08-21 07:25:00,30.0,1,"Cyclone_Material_Temp, Cyclone_Inlet_Gas_Temp","Cyclone_Material_Temp: 6.71, Cyclone_Inlet_Gas_Temp: 3.52"
122,2018-08-21 07:45:00,2018-08-21 08:05:00,20.0,1,"Cyclone_Material_Temp, Cyclone_Inlet_Draft","Cyclone_Material_Temp: 6.56, Cyclone_Inlet_Draft: 2.59"
123,2018-08-23 12:55:00,2018-08-23 13:15:00,20.0,1,"Cyclone_Material_Temp, Cyclone_Inlet_Draft","Cyclone_Material_Temp: 6.71, Cyclone_Inlet_Draft: 4.22"
124,2018-08-23 13:40:00,2018-08-23 15:40:00,120.0,1,"Cyclone_Material_Temp, Cyclone_Inlet_Draft","Cyclone_Material_Temp: 6.71, Cyclone_Inlet_Draft: 3.54"
125,2018-08-28 11:30:00,2018-08-28 11:40:00,10.0,1,"Cyclone_Inlet_Draft, Cyclone_cone_draft","Cyclone_Inlet_Draft: 3.47, Cyclone_cone_draft: 3.34"
126,2018-10-27 23:10:00,2018-10-27 23:20:00,10.0,1,"Cyclone_Material_Temp, Cyclone_Inlet_Gas_Temp","Cyclone_Material_Temp: 6.71, Cyclone_Inlet_Gas_Temp: 3.93"
127,2019-04-18 20:30:00,2019-04-18 20:55:00,25.0,1,"Cyclone_Material_Temp, Cyclone_Inlet_Gas_Temp","Cyclone_Material_Temp: 6.71, Cyclone_Inlet_Gas_Temp: 2.96"
128,2019-04-19 06:40:00,2019-04-19 06:50:00,10.0,1,"Cyclone_Material_Temp, Cyclone_Inlet_Gas_Temp","Cyclone_Material_Temp: 6.71, Cyclone_Inlet_Gas_Temp: 4.63"
129,2019-11-06 03:10:00,2019-11-06 04:00:00,50.0,1,"Cyclone_Inlet_Draft, Cyclone_Inlet_Gas_Temp","Cyclone_Inlet_Draft: 4.26, Cyclone_Inlet_Gas_Temp: 3.60"
130,2019-11-06 07:20:00,2019-11-06 07:40:00,20.0,1,"Cyclone_Inlet_Draft, Cyclone_Outlet_Gas_draft","Cyclone_Inlet_Draft: 4.89, Cyclone_Outlet_Gas_draft: 4.14"
131,2019-11-06 09:15:00,2019-11-06 11:05:00,110.0,1,"Cyclone_Inlet_Draft, Cyclone_Outlet_Gas_draft","Cyclone_Inlet_Draft: 5.21, Cyclone_Outlet_Gas_draft: 4.23"
132,2020-03-07 15:00:00,2020-03-07 21:00:00,360.0,1,"Cyclone_Material_Temp, Cyclone_Outlet_Gas_draft","Cyclone_Material_Temp: 6.64, Cyclone_Outlet_Gas_draft: 3.55"
133,2020-03-07 21:30:00,2020-03-08 07:40:00,610.0,1,"Cyclone_Material_Temp, Cyclone_Outlet_Gas_draft","Cyclone_Material_Temp: 6.60, Cyclone_Outlet_Gas_draft: 3.61"
134,2020-06-27 22:05:00,2020-06-28 02:55:00,290.0,1,"Cyclone_Material_Temp, Cyclone_Inlet_Draft","Cyclone_Material_Temp: 6.71, Cyclone_Inlet_Draft: 2.63"
135,2020-06-28 03:15:00,2020-06-28 04:40:00,85.0,1,"Cyclone_Material_Temp, Cyclone_Inlet_Draft","Cyclone_Material_Temp: 6.71, Cyclone_Inlet_Draft: 2.59"
136,2017-01-04 05:30:00,2017-01-04 05:45:00,15.0,2,"Cyclone_Inlet_Draft, Cyclone_Outlet_Gas_draft","Cyclone_Inlet_Draft: 5.91, Cyclone_Outlet_Gas_draft: 5.38"
137,2017-01-19 09:30:00,2017-01-19 09:45:00,15.0,2,"Cyclone_Material_Temp, Cyclone_Inlet_Gas_Temp","Cyclone_Material_Temp: 8.00, Cyclone_Inlet_Gas_Temp: 4.64"
138,2017-01-20 04:40:00,2017-01-20 05:00:00,20.0,2,"Cyclone_Inlet_Draft, Cyclone_Outlet_Gas_draft","Cyclone_Inlet_Draft: 4.46, Cyclone_Outlet_Gas_draft: 4.05"
139,2017-02-01 13:15:00,2017-02-01 13:30:00,15.0,2,"Cyclone_Inlet_Draft, Cyclone_Outlet_Gas_draft","Cyclone_Inlet_Draft: 5.32, Cyclone_Outlet_Gas_draft: 4.88"
140,2017-02-01 15:20:00,2017-02-01 15:35:00,15.0,2,"Cyclone_Inlet_Draft, Cyclone_Outlet_Gas_draft","Cyclone_Inlet_Draft: 5.35, Cyclone_Outlet_Gas_draft: 4.79"
141,2017-02-16 13:00:00,2017-02-16 13:10:00,10.0,2,"Cyclone_Inlet_Draft, Cyclone_Outlet_Gas_draft","Cyclone_Inlet_Draft: 3.70, Cyclone_Outlet_Gas_draft: 3.53"
142,2017-02-27 01:50:00,2017-02-27 02:05:00,15.0,2,"Cyclone_Inlet_Draft, Cyclone_Outlet_Gas_draft","Cyclone_Inlet_Draft: 4.11, Cyclone_Outlet_Gas_draft: 3.74"
143,2017-03-07 20:40:00,2017-03-07 20:55:00,15.0,2,"Cyclone_Inlet_Draft, Cyclone_Outlet_Gas_draft","Cyclone_Inlet_Draft: 4.58, Cyclone_Outlet_Gas_draft: 3.95"
144,2017-03-08 02:05:00,2017-03-08 02:20:00,15.0,2,"Cyclone_Inlet_Draft, Cyclone_Outlet_Gas_draft","Cyclone_Inlet_Draft: 6.53, Cyclone_Outlet_Gas_draft: 5.93"
145,2017-03-16 22:40:00,2017-03-16 22:50:00,10.0,2,"Cyclone_Inlet_Draft, Cyclone_Outlet_Gas_draft","Cyclone_Inlet_Draft: 4.13, Cyclone_Outlet_Gas_draft: 3.38"
146,2017-03-25 03:30:00,2017-03-25 03:40:00,10.0,2,"Cyclone_Inlet_Gas_Temp, Cyclone_Gas_Outlet_Temp","Cyclone_Inlet_Gas_Temp: 9.17, Cyclone_Gas_Outlet_Temp: 8.59"
147,2017-04-04 17:15:00,2017-04-04 17:35:00,20.0,2,"Cyclone_Inlet_Draft, Cyclone_Outlet_Gas_draft","Cyclone_Inlet_Draft: 6.92, Cyclone_Outlet_Gas_draft: 6.76"
148,2017-04-07 21:00:00,2017-04-07 21:10:00,10.0,2,"Cyclone_Outlet_Gas_draft, Cyclone_Inlet_Draft","Cyclone_Outlet_Gas_draft: 5.15, Cyclone_Inlet_Draft: 4.90"
149,2017-04-19 20:30:00,2017-04-19 20:45:00,15.0,2,"Cyclone_Inlet_Gas_Temp, Cyclone_Inlet_Draft","Cyclone_Inlet_Gas_Temp: 4.84, Cyclone_Inlet_Draft: 4.50"
150,2017-04-22 19:15:00,2017-04-22 19:25:00,10.0,2,"Cyclone_Inlet_Draft, Cyclone_Outlet_Gas_draft","Cyclone_Inlet_Draft: 4.73, Cyclone_Outlet_Gas_draft: 4.09"
151,2017-05-09 12:15:00,2017-05-09 12:25:00,10.0,2,"Cyclone_Inlet_Draft, Cyclone_Outlet_Gas_draft","Cyclone_Inlet_Draft: 4.09, Cyclone_Outlet_Gas_draft: 3.85"
152,2017-06-06 14:20:00,2017-06-06 14:40:00,20.0,2,"Cyclone_Inlet_Draft, Cyclone_Outlet_Gas_draft","Cyclone_Inlet_Draft: 6.56, Cyclone_Outlet_Gas_draft: 6.20"
153,2017-06-09 03:10:00,2017-06-09 03:25:00,15.0,2,"Cyclone_Inlet_Gas_Temp, Cyclone_Inlet_Draft","Cyclone_Inlet_Gas_Temp: 5.21, Cyclone_Inlet_Draft: 3.57"
154,2017-06-24 20:25:00,2017-06-24 21:05:00,40.0,2,"Cyclone_Inlet_Draft, Cyclone_Outlet_Gas_draft","Cyclone_Inlet_Draft: 5.79, Cyclone_Outlet_Gas_draft: 5.60"
155,2017-06-25 09:05:00,2017-06-25 09:15:00,10.0,2,"Cyclone_Inlet_Draft, Cyclone_Outlet_Gas_draft","Cyclone_Inlet_Draft: 8.23, Cyclone_Outlet_Gas_draft: 7.57"
156,2017-06-26 10:55:00,2017-06-26 11:20:00,25.0,2,"Cyclone_Inlet_Draft, Cyclone_Outlet_Gas_draft","Cyclone_Inlet_Draft: 7.28, Cyclone_Outlet_Gas_draft: 6.80"
157,2017-06-28 13:10:00,2017-06-28 13:50:00,40.0,2,"Cyclone_Inlet_Draft, Cyclone_Outlet_Gas_draft","Cyclone_Inlet_Draft: 4.36, Cyclone_Outlet_Gas_draft: 3.96"
158,2017-06-30 16:20:00,2017-06-30 16:30:00,10.0,2,"Cyclone_Inlet_Draft, Cyclone_Outlet_Gas_draft","Cyclone_Inlet_Draft: 5.71, Cyclone_Outlet_Gas_draft: 5.57"
159,2017-07-20 14:10:00,2017-07-20 14:20:00,10.0,2,"Cyclone_Material_Temp, Cyclone_Outlet_Gas_draft","Cyclone_Material_Temp: 4.29, Cyclone_Outlet_Gas_draft: 3.88"
160,2017-07-29 04:25:00,2017-07-29 04:40:00,15.0,2,"Cyclone_Inlet_Draft, Cyclone_Outlet_Gas_draft","Cyclone_Inlet_Draft: 5.88, Cyclone_Outlet_Gas_draft: 4.96"
161,2017-08-20 00:15:00,2017-08-20 00:30:00,15.0,2,"Cyclone_Inlet_Draft, Cyclone_Outlet_Gas_draft","Cyclone_Inlet_Draft: 4.78, Cyclone_Outlet_Gas_draft: 4.68"
162,2017-08-20 22:00:00,2017-08-20 22:10:00,10.0,2,"Cyclone_Inlet_Draft, Cyclone_Outlet_Gas_draft","Cyclone_Inlet_Draft: 5.28, Cyclone_Outlet_Gas_draft: 5.05"
163,2017-08-22 20:05:00,2017-08-22 20:20:00,15.0,2,"Cyclone_Inlet_Draft, Cyclone_Outlet_Gas_draft","Cyclone_Inlet_Draft: 5.66, Cyclone_Outlet_Gas_draft: 5.48"
164,2017-08-28 13:55:00,2017-08-28 14:10:00,15.0,2,"Cyclone_Inlet_Draft, Cyclone_Outlet_Gas_draft","Cyclone_Inlet_Draft: 5.66, Cyclone_Outlet_Gas_draft: 4.94"
165,2017-10-20 05:05:00,2017-10-20 05:15:00,10.0,2,"Cyclone_Outlet_Gas_draft, Cyclone_Inlet_Draft","Cyclone_Outlet_Gas_draft: 4.84, Cyclone_Inlet_Draft: 4.03"
166,2017-10-23 13:10:00,2017-10-23 13:20:00,10.0,2,"Cyclone_Inlet_Draft, Cyclone_Outlet_Gas_draft","Cyclone_Inlet_Draft: 5.29, Cyclone_Outlet_Gas_draft: 5.28"
167,2017-10-23 17:55:00,2017-10-23 18:10:00,15.0,2,"Cyclone_Inlet_Draft, Cyclone_Outlet_Gas_draft","Cyclone_Inlet_Draft: 5.25, Cyclone_Outlet_Gas_draft: 5.02"
168,2017-10-23 20:15:00,2017-10-23 20:25:00,10.0,2,"Cyclone_Outlet_Gas_draft, Cyclone_Inlet_Draft","Cyclone_Outlet_Gas_draft: 5.06, Cyclone_Inlet_Draft: 5.02"
169,2017-11-22 06:30:00,2017-11-22 06:40:00,10.0,2,"Cyclone_Inlet_Draft, Cyclone_Outlet_Gas_draft","Cyclone_Inlet_Draft: 6.03, Cyclone_Outlet_Gas_draft: 5.75"
170,2017-12-09 02:45:00,2017-12-09 03:35:00,50.0,2,"Cyclone_Outlet_Gas_draft, Cyclone_Inlet_Draft","Cyclone_Outlet_Gas_draft: 3.71, Cyclone_Inlet_Draft: 3.63"
171,2017-12-09 06:00:00,2017-12-09 08:50:00,170.0,2,"Cyclone_Outlet_Gas_draft, Cyclone_Inlet_Draft","Cyclone_Outlet_Gas_draft: 3.58, Cyclone_Inlet_Draft: 3.49"
172,2017-12-28 14:40:00,2017-12-28 14:55:00,15.0,2,"Cyclone_Inlet_Draft, Cyclone_Outlet_Gas_draft","Cyclone_Inlet_Draft: 6.30, Cyclone_Outlet_Gas_draft: 5.43"
173,2018-01-01 15:35:00,2018-01-01 16:00:00,25.0,2,"Cyclone_Inlet_Draft, Cyclone_Inlet_Gas_Temp","Cyclone_Inlet_Draft: 3.88, Cyclone_Inlet_Gas_Temp: 3.49"
174,2018-01-18 03:00:00,2018-01-18 03:15:00,15.0,2,"Cyclone_Inlet_Draft, Cyclone_Outlet_Gas_draft","Cyclone_Inlet_Draft: 5.11, Cyclone_Outlet_Gas_draft: 4.27"
175,2018-02-22 18:25:00,2018-02-22 18:40:00,15.0,2,"Cyclone_Inlet_Draft, Cyclone_Outlet_Gas_draft","Cyclone_Inlet_Draft: 6.06, Cyclone_Outlet_Gas_draft: 4.97"
176,2018-02-24 10:00:00,2018-02-24 10:15:00,15.0,2,"Cyclone_Inlet_Gas_Temp, Cyclone_Material_Temp","Cyclone_Inlet_Gas_Temp: 10.12, Cyclone_Material_Temp: 3.78"
177,2018-03-08 02:00:00,2018-03-08 02:20:00,20.0,2,"Cyclone_Inlet_Draft, Cyclone_Outlet_Gas_draft","Cyclone_Inlet_Draft: 4.41, Cyclone_Outlet_Gas_draft: 4.21"
178,2018-03-13 04:05:00,2018-03-13 04:15:00,10.0,2,"Cyclone_Inlet_Draft, Cyclone_Outlet_Gas_draft","Cyclone_Inlet_Draft: 4.92, Cyclone_Outlet_Gas_draft: 4.02"
179,2018-03-14 05:30:00,2018-03-14 05:40:00,10.0,2,"Cyclone_Gas_Outlet_Temp, Cyclone_Inlet_Gas_Temp","Cyclone_Gas_Outlet_Temp: 4.81, Cyclone_Inlet_Gas_Temp: 4.50"
180,2018-03-21 03:45:00,2018-03-21 04:05:00,20.0,2,"Cyclone_Inlet_Draft, Cyclone_Outlet_Gas_draft","Cyclone_Inlet_Draft: 9.33, Cyclone_Outlet_Gas_draft: 8.49"
181,2018-04-08 12:00:00,2018-04-08 12:35:00,35.0,2,"Cyclone_Inlet_Draft, Cyclone_Outlet_Gas_draft","Cyclone_Inlet_Draft: 5.50, Cyclone_Outlet_Gas_draft: 4.23"
182,2018-04-28 14:40:00,2018-04-28 15:00:00,20.0,2,"Cyclone_Gas_Outlet_Temp, Cyclone_Inlet_Gas_Temp","Cyclone_Gas_Outlet_Temp: 8.91, Cyclone_Inlet_Gas_Temp: 4.16"
183,2018-05-06 16:40:00,2018-05-06 17:20:00,40.0,2,"Cyclone_Material_Temp, Cyclone_Gas_Outlet_Temp","Cyclone_Material_Temp: 8.00, Cyclone_Gas_Outlet_Temp: 5.46"
184,2018-05-07 19:45:00,2018-05-07 21:15:00,90.0,2,"Cyclone_Gas_Outlet_Temp, Cyclone_Inlet_Draft","Cyclone_Gas_Outlet_Temp: 10.22, Cyclone_Inlet_Draft: 3.37"
185,2018-05-08 11:15:00,2018-05-08 11:55:00,40.0,2,"Cyclone_Gas_Outlet_Temp, Cyclone_cone_draft","Cyclone_Gas_Outlet_Temp: 13.87, Cyclone_cone_draft: 3.98"
186,2018-05-09 09:35:00,2018-05-09 09:55:00,20.0,2,"Cyclone_Gas_Outlet_Temp, Cyclone_cone_draft","Cyclone_Gas_Outlet_Temp: 5.06, Cyclone_cone_draft: 4.43"
187,2018-05-10 11:55:00,2018-05-10 12:20:00,25.0,2,"Cyclone_Gas_Outlet_Temp, Cyclone_Outlet_Gas_draft","Cyclone_Gas_Outlet_Temp: 6.67, Cyclone_Outlet_Gas_draft: 3.19"
188,2018-05-16 17:10:00,2018-05-16 17:35:00,25.0,2,"Cyclone_Gas_Outlet_Temp, Cyclone_Inlet_Gas_Temp","Cyclone_Gas_Outlet_Temp: 13.87, Cyclone_Inlet_Gas_Temp: 6.31"
189,2018-05-16 18:00:00,2018-05-16 18:40:00,40.0,2,"Cyclone_Gas_Outlet_Temp, Cyclone_Outlet_Gas_draft","Cyclone_Gas_Outlet_Temp: 13.15, Cyclone_Outlet_Gas_draft: 2.70"
190,2018-05-16 21:50:00,2018-05-16 22:35:00,45.0,2,"Cyclone_Gas_Outlet_Temp, Cyclone_Inlet_Draft","Cyclone_Gas_Outlet_Temp: 13.22, Cyclone_Inlet_Draft: 2.89"
191,2018-05-23 23:10:00,2018-05-23 23:55:00,45.0,2,"Cyclone_Gas_Outlet_Temp, Cyclone_Inlet_Draft","Cyclone_Gas_Outlet_Temp: 12.85, Cyclone_Inlet_Draft: 1.99"
192,2018-05-25 05:55:00,2018-05-25 06:05:00,10.0,2,"Cyclone_Inlet_Draft, Cyclone_Outlet_Gas_draft","Cyclone_Inlet_Draft: 5.72, Cyclone_Outlet_Gas_draft: 4.51"
193,2018-06-01 02:35:00,2018-06-01 02:55:00,20.0,2,"Cyclone_Outlet_Gas_draft, Cyclone_Inlet_Draft","Cyclone_Outlet_Gas_draft: 3.54, Cyclone_Inlet_Draft: 3.50"
194,2018-06-07 07:35:00,2018-06-07 07:45:00,10.0,2,"Cyclone_Inlet_Draft, Cyclone_Inlet_Gas_Temp","Cyclone_Inlet_Draft: 3.87, Cyclone_Inlet_Gas_Temp: 3.60"
195,2018-06-07 09:35:00,2018-06-07 09:55:00,20.0,2,"Cyclone_Inlet_Draft, Cyclone_Inlet_Gas_Temp","Cyclone_Inlet_Draft: 4.42, Cyclone_Inlet_Gas_Temp: 3.98"
196,2018-06-19 15:35:00,2018-06-19 15:50:00,15.0,2,"Cyclone_Inlet_Draft, Cyclone_Outlet_Gas_draft","Cyclone_Inlet_Draft: 4.60, Cyclone_Outlet_Gas_draft: 3.87"
197,2018-06-21 19:35:00,2018-06-21 20:30:00,55.0,2,"Cyclone_Gas_Outlet_Temp, Cyclone_Inlet_Gas_Temp","Cyclone_Gas_Outlet_Temp: 11.48, Cyclone_Inlet_Gas_Temp: 3.79"
198,2018-07-10 15:25:00,2018-07-10 15:35:00,10.0,2,"Cyclone_Material_Temp, Cyclone_Inlet_Gas_Temp","Cyclone_Material_Temp: 8.00, Cyclone_Inlet_Gas_Temp: 4.52"
199,2018-07-13 23:15:00,2018-07-14 00:05:00,50.0,2,"Cyclone_Material_Temp, Cyclone_Inlet_Gas_Temp","Cyclone_Material_Temp: 8.00, Cyclone_Inlet_Gas_Temp: 5.06"
200,2018-07-14 01:05:00,2018-07-14 01:20:00,15.0,2,"Cyclone_Inlet_Draft, Cyclone_Outlet_Gas_draft","Cyclone_Inlet_Draft: 4.40, Cyclone_Outlet_Gas_draft: 4.02"
201,2018-07-19 06:55:00,2018-07-19 07:20:00,25.0,2,"Cyclone_Inlet_Draft, Cyclone_Outlet_Gas_draft","Cyclone_Inlet_Draft: 6.30, Cyclone_Outlet_Gas_draft: 5.47"
202,2018-08-24 22:35:00,2018-08-24 23:20:00,45.0,2,"Cyclone_Inlet_Draft, Cyclone_Outlet_Gas_draft","Cyclone_Inlet_Draft: 4.95, Cyclone_Outlet_Gas_draft: 4.32"
203,2018-09-03 02:15:00,2018-09-03 03:10:00,55.0,2,"Cyclone_Inlet_Draft, Cyclone_Outlet_Gas_draft","Cyclone_Inlet_Draft: 3.96, Cyclone_Outlet_Gas_draft: 3.86"
204,2018-09-08 10:10:00,2018-09-08 10:20:00,10.0,2,"Cyclone_Inlet_Draft, Cyclone_Outlet_Gas_draft","Cyclone_Inlet_Draft: 5.89, Cyclone_Outlet_Gas_draft: 4.97"
205,2018-09-11 15:15:00,2018-09-11 15:35:00,20.0,2,"Cyclone_cone_draft, Cyclone_Inlet_Draft","Cyclone_cone_draft: 5.45, Cyclone_Inlet_Draft: 3.18"
206,2018-09-17 17:10:00,2018-09-17 17:20:00,10.0,2,"Cyclone_Gas_Outlet_Temp, Cyclone_Outlet_Gas_draft","Cyclone_Gas_Outlet_Temp: 5.26, Cyclone_Outlet_Gas_draft: 4.33"
207,2018-09-17 18:50:00,2018-09-17 19:10:00,20.0,2,"Cyclone_Outlet_Gas_draft, Cyclone_Inlet_Gas_Temp","Cyclone_Outlet_Gas_draft: 4.45, Cyclone_Inlet_Gas_Temp: 3.69"
208,2018-09-25 14:05:00,2018-09-25 14:20:00,15.0,2,"Cyclone_Inlet_Gas_Temp, Cyclone_Outlet_Gas_draft","Cyclone_Inlet_Gas_Temp: 5.01, Cyclone_Outlet_Gas_draft: 3.55"
209,2018-10-18 22:55:00,2018-10-18 23:05:00,10.0,2,"Cyclone_Outlet_Gas_draft, Cyclone_Inlet_Draft","Cyclone_Outlet_Gas_draft: 4.45, Cyclone_Inlet_Draft: 3.57"
210,2018-10-18 23:25:00,2018-10-18 23:40:00,15.0,2,"Cyclone_Outlet_Gas_draft, Cyclone_Inlet_Draft","Cyclone_Outlet_Gas_draft: 4.35, Cyclone_Inlet_Draft: 3.53"
211,2018-10-23 16:25:00,2018-10-23 16:35:00,10.0,2,"Cyclone_Outlet_Gas_draft, Cyclone_Gas_Outlet_Temp","Cyclone_Outlet_Gas_draft: 3.75, Cyclone_Gas_Outlet_Temp: 3.58"
212,2018-10-26 17:10:00,2018-10-26 17:30:00,20.0,2,"Cyclone_Outlet_Gas_draft, Cyclone_Inlet_Draft","Cyclone_Outlet_Gas_draft: 4.27, Cyclone_Inlet_Draft: 4.26"
213,2018-11-05 13:55:00,2018-11-05 14:20:00,25.0,2,"Cyclone_Inlet_Draft, Cyclone_Inlet_Gas_Temp","Cyclone_Inlet_Draft: 4.18, Cyclone_Inlet_Gas_Temp: 4.14"
214,2018-11-06 06:10:00,2018-11-06 06:25:00,15.0,2,"Cyclone_Inlet_Draft, Cyclone_Outlet_Gas_draft","Cyclone_Inlet_Draft: 5.74, Cyclone_Outlet_Gas_draft: 4.95"
215,2018-11-08 13:25:00,2018-11-08 13:35:00,10.0,2,"Cyclone_Inlet_Draft, Cyclone_Outlet_Gas_draft","Cyclone_Inlet_Draft: 4.25, Cyclone_Outlet_Gas_draft: 3.62"
216,2018-12-07 07:25:00,2018-12-07 07:35:00,10.0,2,"Cyclone_Inlet_Gas_Temp, Cyclone_Gas_Outlet_Temp","Cyclone_Inlet_Gas_Temp: 4.73, Cyclone_Gas_Outlet_Temp: 3.89"
217,2018-12-21 04:00:00,2018-12-21 04:20:00,20.0,2,"Cyclone_Inlet_Draft, Cyclone_Outlet_Gas_draft","Cyclone_Inlet_Draft: 6.61, Cyclone_Outlet_Gas_draft: 5.49"
218,2019-01-08 12:20:00,2019-01-08 12:30:00,10.0,2,"Cyclone_Inlet_Draft, Cyclone_Outlet_Gas_draft","Cyclone_Inlet_Draft: 5.47, Cyclone_Outlet_Gas_draft: 4.01"
219,2019-01-23 11:40:00,2019-01-23 12:00:00,20.0,2,"Cyclone_Inlet_Draft, Cyclone_Outlet_Gas_draft","Cyclone_Inlet_Draft: 6.10, Cyclone_Outlet_Gas_draft: 5.56"
220,2019-02-04 18:20:00,2019-02-04 18:45:00,25.0,2,"Cyclone_Gas_Outlet_Temp, Cyclone_Inlet_Draft","Cyclone_Gas_Outlet_Temp: 3.84, Cyclone_Inlet_Draft: 3.45"
221,2019-02-05 02:55:00,2019-02-05 03:10:00,15.0,2,"Cyclone_Inlet_Draft, Cyclone_Outlet_Gas_draft","Cyclone_Inlet_Draft: 7.12, Cyclone_Outlet_Gas_draft: 5.95"
222,2019-02-07 23:50:00,2019-02-08 00:50:00,60.0,2,"Cyclone_Inlet_Draft, Cyclone_Outlet_Gas_draft","Cyclone_Inlet_Draft: 4.52, Cyclone_Outlet_Gas_draft: 4.32"
223,2019-02-11 19:30:00,2019-02-11 20:05:00,35.0,2,"Cyclone_Inlet_Draft, Cyclone_Outlet_Gas_draft","Cyclone_Inlet_Draft: 3.81, Cyclone_Outlet_Gas_draft: 3.61"
224,2019-02-12 08:30:00,2019-02-12 09:00:00,30.0,2,"Cyclone_Inlet_Draft, Cyclone_Outlet_Gas_draft","Cyclone_Inlet_Draft: 5.30, Cyclone_Outlet_Gas_draft: 4.13"
225,2019-02-12 09:45:00,2019-02-12 10:05:00,20.0,2,"Cyclone_Inlet_Gas_Temp, Cyclone_Inlet_Draft","Cyclone_Inlet_Gas_Temp: 6.13, Cyclone_Inlet_Draft: 4.05"
226,2019-02-17 06:45:00,2019-02-17 06:55:00,10.0,2,"Cyclone_Inlet_Draft, Cyclone_Outlet_Gas_draft","Cyclone_Inlet_Draft: 3.61, Cyclone_Outlet_Gas_draft: 3.33"
227,2019-02-17 07:30:00,2019-02-17 08:30:00,60.0,2,"Cyclone_Inlet_Draft, Cyclone_Outlet_Gas_draft","Cyclone_Inlet_Draft: 4.19, Cyclone_Outlet_Gas_draft: 3.95"
228,2019-02-17 09:00:00,2019-02-17 09:10:00,10.0,2,"Cyclone_Inlet_Draft, Cyclone_Outlet_Gas_draft","Cyclone_Inlet_Draft: 4.21, Cyclone_Outlet_Gas_draft: 4.02"
229,2019-02-17 19:35:00,2019-02-17 20:05:00,30.0,2,"Cyclone_Inlet_Draft, Cyclone_Inlet_Gas_Temp","Cyclone_Inlet_Draft: 4.04, Cyclone_Inlet_Gas_Temp: 3.65"
230,2019-02-18 01:10:00,2019-02-18 01:30:00,20.0,2,"Cyclone_Inlet_Draft, Cyclone_Outlet_Gas_draft","Cyclone_Inlet_Draft: 3.80, Cyclone_Outlet_Gas_draft: 3.31"
231,2019-03-09 05:05:00,2019-03-09 05:25:00,20.0,2,"Cyclone_Inlet_Gas_Temp, Cyclone_Inlet_Draft","Cyclone_Inlet_Gas_Temp: 3.90, Cyclone_Inlet_Draft: 3.80"
232,2019-03-17 20:35:00,2019-03-17 21:00:00,25.0,2,"Cyclone_Gas_Outlet_Temp, Cyclone_cone_draft","Cyclone_Gas_Outlet_Temp: 4.93, Cyclone_cone_draft: 3.45"
233,2019-03-18 16:45:00,2019-03-18 16:55:00,10.0,2,"Cyclone_Inlet_Gas_Temp, Cyclone_Outlet_Gas_draft","Cyclone_Inlet_Gas_Temp: 5.58, Cyclone_Outlet_Gas_draft: 4.41"
234,2019-03-18 17:55:00,2019-03-18 18:05:00,10.0,2,"Cyclone_Inlet_Gas_Temp, Cyclone_Inlet_Draft","Cyclone_Inlet_Gas_Temp: 3.89, Cyclone_Inlet_Draft: 3.74"
235,2019-04-07 13:25:00,2019-04-07 13:35:00,10.0,2,"Cyclone_Inlet_Draft, Cyclone_Outlet_Gas_draft","Cyclone_Inlet_Draft: 10.09, Cyclone_Outlet_Gas_draft: 8.85"
236,2019-04-07 17:50:00,2019-04-07 18:00:00,10.0,2,"Cyclone_Inlet_Gas_Temp, Cyclone_Inlet_Draft","Cyclone_Inlet_Gas_Temp: 4.69, Cyclone_Inlet_Draft: 3.62"
237,2019-04-21 08:05:00,2019-04-21 08:25:00,20.0,2,"Cyclone_Outlet_Gas_draft, Cyclone_Inlet_Draft","Cyclone_Outlet_Gas_draft: 4.30, Cyclone_Inlet_Draft: 4.21"
238,2019-05-15 14:15:00,2019-05-15 15:40:00,85.0,2,"Cyclone_Material_Temp, Cyclone_Inlet_Gas_Temp","Cyclone_Material_Temp: 8.00, Cyclone_Inlet_Gas_Temp: 3.42"
239,2019-06-22 15:50:00,2019-06-22 16:20:00,30.0,2,"Cyclone_Inlet_Draft, Cyclone_Outlet_Gas_draft","Cyclone_Inlet_Draft: 5.57, Cyclone_Outlet_Gas_draft: 5.40"
240,2019-07-19 00:35:00,2019-07-19 01:10:00,35.0,2,"Cyclone_cone_draft, Cyclone_Inlet_Draft","Cyclone_cone_draft: 4.57, Cyclone_Inlet_Draft: 3.96"
241,2019-07-19 18:15:00,2019-07-19 18:30:00,15.0,2,"Cyclone_Inlet_Draft, Cyclone_Outlet_Gas_draft","Cyclone_Inlet_Draft: 3.73, Cyclone_Outlet_Gas_draft: 3.70"
242,2019-08-15 16:10:00,2019-08-15 16:20:00,10.0,2,"Cyclone_Inlet_Draft, Cyclone_Inlet_Gas_Temp","Cyclone_Inlet_Draft: 3.56, Cyclone_Inlet_Gas_Temp: 3.26"
243,2019-10-26 11:25:00,2019-10-26 11:45:00,20.0,2,"Cyclone_Outlet_Gas_draft, Cyclone_Inlet_Draft","Cyclone_Outlet_Gas_draft: 4.79, Cyclone_Inlet_Draft: 3.70"
244,2019-10-27 06:50:00,2019-10-27 07:20:00,30.0,2,"Cyclone_Outlet_Gas_draft, Cyclone_Gas_Outlet_Temp","Cyclone_Outlet_Gas_draft: 5.73, Cyclone_Gas_Outlet_Temp: 5.36"
245,2019-11-28 13:35:00,2019-11-28 13:50:00,15.0,2,"Cyclone_Inlet_Draft, Cyclone_Outlet_Gas_draft","Cyclone_Inlet_Draft: 5.26, Cyclone_Outlet_Gas_draft: 4.54"
246,2019-12-25 07:50:00,2019-12-25 08:05:00,15.0,2,"Cyclone_Inlet_Draft, Cyclone_Inlet_Gas_Temp","Cyclone_Inlet_Draft: 4.13, Cyclone_Inlet_Gas_Temp: 4.03"
247,2020-03-02 17:25:00,2020-03-02 17:55:00,30.0,2,"Cyclone_Inlet_Draft, Cyclone_Outlet_Gas_draft","Cyclone_Inlet_Draft: 6.43, Cyclone_Outlet_Gas_draft: 5.55"
248,2020-05-17 21:05:00,2020-05-17 21:15:00,10.0,2,"Cyclone_Inlet_Gas_Temp, Cyclone_Gas_Outlet_Temp","Cyclone_Inlet_Gas_Temp: 7.79, Cyclone_Gas_Outlet_Temp: 6.91"
249,2020-05-21 11:20:00,2020-05-21 11:40:00,20.0,2,"Cyclone_Inlet_Draft, Cyclone_Outlet_Gas_draft","Cyclone_Inlet_Draft: 9.00, Cyclone_Outlet_Gas_draft: 8.12"
250,2020-05-26 11:10:00,2020-05-26 11:25:00,15.0,2,"Cyclone_Inlet_Draft, Cyclone_Outlet_Gas_draft","Cyclone_Inlet_Draft: 6.36, Cyclone_Outlet_Gas_draft: 5.83"
251,2020-05-28 02:35:00,2020-05-28 02:45:00,10.0,2,"Cyclone_Inlet_Draft, Cyclone_Outlet_Gas_draft","Cyclone_Inlet_Draft: 4.96, Cyclone_Outlet_Gas_draft: 4.74"
252,2020-07-17 16:55:00,2020-07-17 17:15:00,20.0,2,"Cyclone_Material_Temp, Cyclone_Outlet_Gas_draft","Cyclone_Material_Temp: 8.00, Cyclone_Outlet_Gas_draft: 3.62"
253,2020-07-19 06:30:00,2020-07-19 06:55:00,25.0,2,"Cyclone_Inlet_Draft, Cyclone_Outlet_Gas_draft","Cyclone_Inlet_Draft: 4.43, Cyclone_Outlet_Gas_draft: 3.96"
254,2017-02-01 13:25:00,2017-02-01 13:45:00,20.0,3,"Cyclone_cone_draft, Cyclone_Inlet_Draft","Cyclone_cone_draft: 4.09, Cyclone_Inlet_Draft: 3.72"
255,2017-02-08 07:15:00,2017-02-08 07:35:00,20.0,3,"Cyclone_Inlet_Gas_Temp, Cyclone_Outlet_Gas_draft","Cyclone_Inlet_Gas_Temp: 4.89, Cyclone_Outlet_Gas_draft: 3.59"
256,2017-03-26 02:00:00,2017-03-26 02:15:00,15.0,3,"Cyclone_Inlet_Draft, Cyclone_Outlet_Gas_draft","Cyclone_Inlet_Draft: 4.38, Cyclone_Outlet_Gas_draft: 4.25"
257,2017-03-27 12:15:00,2017-03-27 12:25:00,10.0,3,"Cyclone_Inlet_Gas_Temp, Cyclone_Inlet_Draft","Cyclone_Inlet_Gas_Temp: 4.13, Cyclone_Inlet_Draft: 4.04"
258,2017-04-17 19:05:00,2017-04-17 20:05:00,60.0,3,"Cyclone_Inlet_Gas_Temp, Cyclone_Inlet_Draft","Cyclone_Inlet_Gas_Temp: 4.11, Cyclone_Inlet_Draft: 3.96"
259,2017-04-18 10:00:00,2017-04-18 10:30:00,30.0,3,"Cyclone_Inlet_Draft, Cyclone_Outlet_Gas_draft","Cyclone_Inlet_Draft: 5.34, Cyclone_Outlet_Gas_draft: 5.29"
260,2017-04-19 22:40:00,2017-04-19 23:05:00,25.0,3,"Cyclone_Inlet_Draft, Cyclone_Outlet_Gas_draft","Cyclone_Inlet_Draft: 4.33, Cyclone_Outlet_Gas_draft: 4.19"
261,2017-04-19 23:35:00,2017-04-19 23:50:00,15.0,3,"Cyclone_Inlet_Gas_Temp, Cyclone_Material_Temp","Cyclone_Inlet_Gas_Temp: 4.80, Cyclone_Material_Temp: 4.35"
262,2017-04-20 00:35:00,2017-04-20 00:50:00,15.0,3,"Cyclone_Material_Temp, Cyclone_Inlet_Gas_Temp","Cyclone_Material_Temp: 5.46, Cyclone_Inlet_Gas_Temp: 4.83"
263,2017-04-20 01:10:00,2017-04-20 01:30:00,20.0,3,"Cyclone_Inlet_Gas_Temp, Cyclone_Material_Temp","Cyclone_Inlet_Gas_Temp: 4.60, Cyclone_Material_Temp: 4.22"
264,2017-05-19 00:10:00,2017-05-19 00:30:00,20.0,3,"Cyclone_Inlet_Gas_Temp, Cyclone_Inlet_Draft","Cyclone_Inlet_Gas_Temp: 4.73, Cyclone_Inlet_Draft: 4.38"
265,2017-05-31 22:55:00,2017-05-31 23:15:00,20.0,3,"Cyclone_Outlet_Gas_draft, Cyclone_Inlet_Draft","Cyclone_Outlet_Gas_draft: 5.09, Cyclone_Inlet_Draft: 4.92"
266,2017-06-01 01:05:00,2017-06-01 01:15:00,10.0,3,"Cyclone_Inlet_Gas_Temp, Cyclone_Outlet_Gas_draft","Cyclone_Inlet_Gas_Temp: 4.65, Cyclone_Outlet_Gas_draft: 3.24"
267,2017-06-01 02:05:00,2017-06-01 02:20:00,15.0,3,"Cyclone_Inlet_Gas_Temp, Cyclone_Inlet_Draft","Cyclone_Inlet_Gas_Temp: 4.07, Cyclone_Inlet_Draft: 3.76"
268,2017-06-03 17:40:00,2017-06-03 18:15:00,35.0,3,"Cyclone_Inlet_Draft, Cyclone_Outlet_Gas_draft","Cyclone_Inlet_Draft: 4.39, Cyclone_Outlet_Gas_draft: 4.01"
269,2017-06-05 00:10:00,2017-06-05 00:20:00,10.0,3,"Cyclone_Inlet_Gas_Temp, Cyclone_Material_Temp","Cyclone_Inlet_Gas_Temp: 5.13, Cyclone_Material_Temp: 3.38"
270,2017-06-14 12:20:00,2017-06-14 12:30:00,10.0,3,"Cyclone_Inlet_Gas_Temp, Cyclone_Inlet_Draft","Cyclone_Inlet_Gas_Temp: 4.97, Cyclone_Inlet_Draft: 3.43"
271,2017-06-16 23:05:00,2017-06-16 23:15:00,10.0,3,"Cyclone_Inlet_Draft, Cyclone_Inlet_Gas_Temp","Cyclone_Inlet_Draft: 4.61, Cyclone_Inlet_Gas_Temp: 4.38"
272,2017-06-16 23:35:00,2017-06-16 23:50:00,15.0,3,"Cyclone_Inlet_Gas_Temp, Cyclone_Material_Temp","Cyclone_Inlet_Gas_Temp: 5.11, Cyclone_Material_Temp: 3.41"
273,2017-06-25 09:20:00,2017-06-25 09:35:00,15.0,3,"Cyclone_Inlet_Draft, Cyclone_Outlet_Gas_draft","Cyclone_Inlet_Draft: 4.54, Cyclone_Outlet_Gas_draft: 4.39"
274,2017-06-30 16:25:00,2017-06-30 16:35:00,10.0,3,"Cyclone_Inlet_Draft, Cyclone_Outlet_Gas_draft","Cyclone_Inlet_Draft: 6.19, Cyclone_Outlet_Gas_draft: 5.73"
275,2017-07-31 16:35:00,2017-07-31 17:00:00,25.0,3,"Cyclone_Outlet_Gas_draft, Cyclone_Inlet_Draft","Cyclone_Outlet_Gas_draft: 3.91, Cyclone_Inlet_Draft: 3.87"
276,2017-09-14 03:35:00,2017-09-14 03:45:00,10.0,3,"Cyclone_Outlet_Gas_draft, Cyclone_Inlet_Gas_Temp","Cyclone_Outlet_Gas_draft: 4.14, Cyclone_Inlet_Gas_Temp: 3.88"
277,2017-09-14 04:50:00,2017-09-14 05:05:00,15.0,3,"Cyclone_Inlet_Draft, Cyclone_Inlet_Gas_Temp","Cyclone_Inlet_Draft: 3.71, Cyclone_Inlet_Gas_Temp: 3.52"
278,2017-09-17 19:50:00,2017-09-17 20:15:00,25.0,3,"Cyclone_Outlet_Gas_draft, Cyclone_Inlet_Draft","Cyclone_Outlet_Gas_draft: 5.04, Cyclone_Inlet_Draft: 4.57"
279,2017-10-21 19:10:00,2017-10-21 20:00:00,50.0,3,"Cyclone_Inlet_Gas_Temp, Cyclone_Outlet_Gas_draft","Cyclone_Inlet_Gas_Temp: 5.03, Cyclone_Outlet_Gas_draft: 3.60"
280,2017-11-16 19:50:00,2017-11-16 20:00:00,10.0,3,"Cyclone_Inlet_Draft, Cyclone_Outlet_Gas_draft","Cyclone_Inlet_Draft: 4.26, Cyclone_Outlet_Gas_draft: 4.25"
281,2017-12-09 11:20:00,2017-12-09 11:35:00,15.0,3,"Cyclone_Inlet_Gas_Temp, Cyclone_Inlet_Draft","Cyclone_Inlet_Gas_Temp: 4.40, Cyclone_Inlet_Draft: 3.58"
282,2018-02-23 14:25:00,2018-02-23 14:35:00,10.0,3,"Cyclone_Gas_Outlet_Temp, Cyclone_Inlet_Gas_Temp","Cyclone_Gas_Outlet_Temp: 5.19, Cyclone_Inlet_Gas_Temp: 5.13"
283,2018-03-07 07:30:00,2018-03-07 07:40:00,10.0,3,"Cyclone_Inlet_Draft, Cyclone_Outlet_Gas_draft","Cyclone_Inlet_Draft: 4.80, Cyclone_Outlet_Gas_draft: 4.02"
284,2018-03-20 19:50:00,2018-03-20 20:25:00,35.0,3,"Cyclone_Inlet_Draft, Cyclone_Outlet_Gas_draft","Cyclone_Inlet_Draft: 4.25, Cyclone_Outlet_Gas_draft: 3.65"
285,2018-04-04 05:55:00,2018-04-04 06:05:00,10.0,3,"Cyclone_Inlet_Draft, Cyclone_Inlet_Gas_Temp","Cyclone_Inlet_Draft: 4.93, Cyclone_Inlet_Gas_Temp: 3.59"
286,2018-04-27 03:50:00,2018-04-27 04:10:00,20.0,3,"Cyclone_Gas_Outlet_Temp, Cyclone_Material_Temp","Cyclone_Gas_Outlet_Temp: 6.51, Cyclone_Material_Temp: 4.36"
287,2018-06-19 16:55:00,2018-06-19 17:10:00,15.0,3,"Cyclone_Material_Temp, Cyclone_Inlet_Gas_Temp","Cyclone_Material_Temp: 5.16, Cyclone_Inlet_Gas_Temp: 4.85"
288,2018-07-10 16:00:00,2018-07-10 16:10:00,10.0,3,"Cyclone_Inlet_Gas_Temp, Cyclone_Inlet_Draft","Cyclone_Inlet_Gas_Temp: 4.95, Cyclone_Inlet_Draft: 4.30"
289,2018-07-14 00:50:00,2018-07-14 01:00:00,10.0,3,"Cyclone_Inlet_Draft, Cyclone_Outlet_Gas_draft","Cyclone_Inlet_Draft: 3.82, Cyclone_Outlet_Gas_draft: 3.41"
290,2018-07-14 01:25:00,2018-07-14 01:50:00,25.0,3,"Cyclone_Inlet_Draft, Cyclone_Outlet_Gas_draft","Cyclone_Inlet_Draft: 4.84, Cyclone_Outlet_Gas_draft: 4.29"
291,2018-07-16 09:30:00,2018-07-16 09:40:00,10.0,3,"Cyclone_Inlet_Draft, Cyclone_Outlet_Gas_draft","Cyclone_Inlet_Draft: 5.18, Cyclone_Outlet_Gas_draft: 4.35"
292,2018-07-21 23:00:00,2018-07-21 23:10:00,10.0,3,"Cyclone_Inlet_Gas_Temp, Cyclone_Gas_Outlet_Temp","Cyclone_Inlet_Gas_Temp: 4.83, Cyclone_Gas_Outlet_Temp: 3.77"
293,2018-09-03 05:00:00,2018-09-03 05:15:00,15.0,3,"Cyclone_Inlet_Gas_Temp, Cyclone_Inlet_Draft","Cyclone_Inlet_Gas_Temp: 4.41, Cyclone_Inlet_Draft: 4.09"
294,2018-09-12 12:20:00,2018-09-12 12:30:00,10.0,3,"Cyclone_Inlet_Gas_Temp, Cyclone_Material_Temp","Cyclone_Inlet_Gas_Temp: 4.41, Cyclone_Material_Temp: 4.01"
295,2019-01-12 06:45:00,2019-01-12 07:10:00,25.0,3,"Cyclone_Inlet_Draft, Cyclone_Outlet_Gas_draft","Cyclone_Inlet_Draft: 4.12, Cyclone_Outlet_Gas_draft: 3.78"
296,2019-02-11 21:20:00,2019-02-11 21:35:00,15.0,3,"Cyclone_Inlet_Gas_Temp, Cyclone_Gas_Outlet_Temp","Cyclone_Inlet_Gas_Temp: 4.27, Cyclone_Gas_Outlet_Temp: 3.10"
297,2019-02-12 09:40:00,2019-02-12 09:50:00,10.0,3,"Cyclone_Inlet_Draft, Cyclone_Outlet_Gas_draft","Cyclone_Inlet_Draft: 4.19, Cyclone_Outlet_Gas_draft: 3.32"
298,2019-02-17 06:35:00,2019-02-17 06:50:00,15.0,3,"Cyclone_Inlet_Draft, Cyclone_Outlet_Gas_draft","Cyclone_Inlet_Draft: 4.14, Cyclone_Outlet_Gas_draft: 3.93"
299,2019-02-17 07:20:00,2019-02-17 08:00:00,40.0,3,"Cyclone_Inlet_Draft, Cyclone_Outlet_Gas_draft","Cyclone_Inlet_Draft: 4.43, Cyclone_Outlet_Gas_draft: 4.14"
300,2019-02-17 08:45:00,2019-02-17 08:55:00,10.0,3,"Cyclone_Inlet_Draft, Cyclone_Outlet_Gas_draft","Cyclone_Inlet_Draft: 4.74, Cyclone_Outlet_Gas_draft: 4.47"
301,2019-02-17 14:05:00,2019-02-17 14:55:00,50.0,3,"Cyclone_Outlet_Gas_draft, Cyclone_Inlet_Draft","Cyclone_Outlet_Gas_draft: 3.92, Cyclone_Inlet_Draft: 3.83"
302,2019-02-17 15:20:00,2019-02-17 15:30:00,10.0,3,"Cyclone_Inlet_Draft, Cyclone_Outlet_Gas_draft","Cyclone_Inlet_Draft: 4.17, Cyclone_Outlet_Gas_draft: 4.04"
303,2019-02-17 17:20:00,2019-02-17 17:35:00,15.0,3,"Cyclone_Inlet_Draft, Cyclone_Outlet_Gas_draft","Cyclone_Inlet_Draft: 4.43, Cyclone_Outlet_Gas_draft: 4.23"
304,2019-02-17 18:20:00,2019-02-17 18:50:00,30.0,3,"Cyclone_Inlet_Draft, Cyclone_Outlet_Gas_draft","Cyclone_Inlet_Draft: 3.96, Cyclone_Outlet_Gas_draft: 3.87"
305,2019-02-17 20:25:00,2019-02-17 21:20:00,55.0,3,"Cyclone_Inlet_Draft, Cyclone_Outlet_Gas_draft","Cyclone_Inlet_Draft: 3.90, Cyclone_Outlet_Gas_draft: 3.84"
306,2019-02-17 22:05:00,2019-02-17 22:50:00,45.0,3,"Cyclone_Inlet_Draft, Cyclone_Outlet_Gas_draft","Cyclone_Inlet_Draft: 4.35, Cyclone_Outlet_Gas_draft: 4.05"
307,2019-02-18 00:05:00,2019-02-18 00:40:00,35.0,3,"Cyclone_Inlet_Draft, Cyclone_Outlet_Gas_draft","Cyclone_Inlet_Draft: 4.03, Cyclone_Outlet_Gas_draft: 3.89"
308,2019-02-18 01:35:00,2019-02-18 01:45:00,10.0,3,"Cyclone_Inlet_Draft, Cyclone_Outlet_Gas_draft","Cyclone_Inlet_Draft: 4.36, Cyclone_Outlet_Gas_draft: 3.98"
309,2019-02-18 03:20:00,2019-02-18 04:05:00,45.0,3,"Cyclone_Inlet_Draft, Cyclone_Outlet_Gas_draft","Cyclone_Inlet_Draft: 3.83, Cyclone_Outlet_Gas_draft: 3.76"
310,2019-02-18 09:35:00,2019-02-18 10:20:00,45.0,3,"Cyclone_Inlet_Draft, Cyclone_Outlet_Gas_draft","Cyclone_Inlet_Draft: 4.29, Cyclone_Outlet_Gas_draft: 3.96"
311,2019-02-25 17:15:00,2019-02-25 17:35:00,20.0,3,"Cyclone_Inlet_Draft, Cyclone_Outlet_Gas_draft","Cyclone_Inlet_Draft: 4.80, Cyclone_Outlet_Gas_draft: 3.90"
312,2019-03-18 18:10:00,2019-03-18 18:20:00,10.0,3,"Cyclone_Inlet_Draft, Cyclone_Outlet_Gas_draft","Cyclone_Inlet_Draft: 4.64, Cyclone_Outlet_Gas_draft: 4.46"
313,2019-03-21 15:50:00,2019-03-21 16:05:00,15.0,3,"Cyclone_Inlet_Draft, Cyclone_Material_Temp","Cyclone_Inlet_Draft: 3.31, Cyclone_Material_Temp: 2.63"
314,2019-04-07 17:40:00,2019-04-07 18:15:00,35.0,3,"Cyclone_Inlet_Draft, Cyclone_Outlet_Gas_draft","Cyclone_Inlet_Draft: 3.80, Cyclone_Outlet_Gas_draft: 3.42"
315,2019-04-13 15:25:00,2019-04-13 15:35:00,10.0,3,"Cyclone_Inlet_Gas_Temp, Cyclone_cone_draft","Cyclone_Inlet_Gas_Temp: 3.78, Cyclone_cone_draft: 3.41"
316,2019-04-13 15:55:00,2019-04-13 16:40:00,45.0,3,"Cyclone_Inlet_Gas_Temp, Cyclone_cone_draft","Cyclone_Inlet_Gas_Temp: 4.45, Cyclone_cone_draft: 3.96"
317,2019-04-21 08:45:00,2019-04-21 09:05:00,20.0,3,"Cyclone_Inlet_Draft, Cyclone_Outlet_Gas_draft","Cyclone_Inlet_Draft: 3.59, Cyclone_Outlet_Gas_draft: 3.51"
318,2019-04-29 08:00:00,2019-04-29 08:10:00,10.0,3,"Cyclone_cone_draft, Cyclone_Inlet_Gas_Temp","Cyclone_cone_draft: 4.43, Cyclone_Inlet_Gas_Temp: 2.94"
319,2019-04-30 15:00:00,2019-04-30 15:15:00,15.0,3,"Cyclone_Inlet_Gas_Temp, Cyclone_Gas_Outlet_Temp","Cyclone_Inlet_Gas_Temp: 4.99, Cyclone_Gas_Outlet_Temp: 3.22"
320,2019-05-14 11:50:00,2019-05-14 12:15:00,25.0,3,"Cyclone_Inlet_Draft, Cyclone_cone_draft","Cyclone_Inlet_Draft: 4.52, Cyclone_cone_draft: 3.86"
321,2019-05-14 12:50:00,2019-05-14 15:10:00,140.0,3,"Cyclone_Inlet_Draft, Cyclone_cone_draft","Cyclone_Inlet_Draft: 3.97, Cyclone_cone_draft: 3.67"
322,2019-05-15 05:30:00,2019-05-15 05:40:00,10.0,3,"Cyclone_Inlet_Gas_Temp, Cyclone_Material_Temp","Cyclone_Inlet_Gas_Temp: 3.24, Cyclone_Material_Temp: 3.16"
323,2019-06-22 14:50:00,2019-06-22 15:40:00,50.0,3,"Cyclone_Outlet_Gas_draft, Cyclone_Inlet_Draft","Cyclone_Outlet_Gas_draft: 3.77, Cyclone_Inlet_Draft: 3.52"
324,2019-06-22 16:35:00,2019-06-22 17:10:00,35.0,3,"Cyclone_Outlet_Gas_draft, Cyclone_cone_draft","Cyclone_Outlet_Gas_draft: 3.49, Cyclone_cone_draft: 3.41"
325,2019-07-19 01:30:00,2019-07-19 02:05:00,35.0,3,"Cyclone_cone_draft, Cyclone_Inlet_Gas_Temp","Cyclone_cone_draft: 4.01, Cyclone_Inlet_Gas_Temp: 3.54"
326,2019-07-19 21:15:00,2019-07-19 21:25:00,10.0,3,"Cyclone_Inlet_Draft, Cyclone_cone_draft","Cyclone_Inlet_Draft: 3.99, Cyclone_cone_draft: 3.96"
327,2019-10-27 18:00:00,2019-10-27 18:20:00,20.0,3,"Cyclone_Inlet_Draft, Cyclone_Outlet_Gas_draft","Cyclone_Inlet_Draft: 4.45, Cyclone_Outlet_Gas_draft: 4.21"
328,2019-12-25 07:00:00,2019-12-25 08:35:00,95.0,3,"Cyclone_Inlet_Draft, Cyclone_Outlet_Gas_draft","Cyclone_Inlet_Draft: 4.88, Cyclone_Outlet_Gas_draft: 4.62"
